1611-WC,6PK WASH CLOTH SET TJX,"4 Colors - 50g
 Size: 12"" x 12""
 Case Pack: 48
 Price: 4.00
",$192.00,instock,https://www.livingfashions.com/wp-content/uploads/1611-wc.jpg
37796-KT,3PK XL WAFFLE STRIPE KITCHEN TOWEL,"3 Pack Set - 3 Colors
 Size: 22"" x 32""
 Case pack: 24
 Unit Price: $5.00
",$120.00,instock,https://www.livingfashions.com/wp-content/uploads/37796-kt.jpg
7060-BT,BATH TOWEL WITH VISCOSE BORDER,"6 Colors - 4 each
 Size: 27"" x 54""- 460g
 Case Pack: 24
 Unit Price: $4.45 each
 Match with 7070-HT, 7080-WC
",$106.80,instock,https://www.livingfashions.com/wp-content/uploads/7060-bt.jpg
7070-HT,1 PK HAND TOWEL WITH VISCOSE BORDER,"6 Colors - 2.60 lbs/dzn
 Size: 16"" x 25"" 
 Case Pack: 72
 Price: $ 1.05 
 Match with 7080-WC, 7060-BT
",$75.60,instock,https://www.livingfashions.com/wp-content/uploads/7070-ht.jpg
7080-WC,WASH CLOTH WITH VISCOSE BORDER,"2 Pack; 6 colors
 Size: 12"" x 12"" - 1.20 lbs/dzn
 Case Pack: 72
 Unit Price: $1.05 each
 Match with 7070-HT, 7060-BT
",$75.60,instock,https://www.livingfashions.com/wp-content/uploads/7080-wc.jpg
SW93-MPH,2PK MIRCOWAVE BOWL HOLDER SET,"2 Pack Set - 4 Designs + 4 Plain Colors
 Size - 8"", 6.5""
 Case Pack: 48
 Price: $ 4.25 each
",$204.00,instock,https://www.livingfashions.com/wp-content/uploads/sw93-mph.jpg
1523-PET,BRAIDED PET MAT,"4 Designs
 Size: 15""x23"" - 375 grams
 Case Pack: 24
 Unit Price: $ 4.00 each
",$96.00,instock,https://www.livingfashions.com/wp-content/uploads/1523-pet.jpg
1990-BT,BATH TOWEL ,"6 Colors - 380g - 10 lbs/dzn
 Size: 24"" x 48"" 
 Case Pack: 24
 Price: $ 5.00
",$120.00,instock,https://www.livingfashions.com/wp-content/uploads/1990-bt.jpg
3080-WC,WASH CLOTH WITH WASH FINISH,"2 Packs; 6 colors
 12"" x 12"" - 1.20 lbs/dzn
 Case Pack: 72
 Unit Price: $1.05 each
 Match with 3070-HT, 3060-BT
",$75.60,instock,https://www.livingfashions.com/wp-content/uploads/3080-wc.jpg
680-OM,SOLID QUILTED OVEN MITTS,"6 Colors  - 75-80g
 Size: 13"" - 75-80g
 Case Pack: 144
 Price: $ 0.95
 Match with 695-PH
",$136.80,instock,https://www.livingfashions.com/wp-content/uploads/680-om.jpg
695-PH,SOLID QUILTED 2PC POTHOLDER,"2 Pack Set; 6 Colors  - 53-55g/set
 Size: 6.75"" x  6.75"" - 53-55g/set
 Case Pack: 144
 Price: $ 0.95
 Match with 680-OM
",$136.80,instock,https://www.livingfashions.com/wp-content/uploads/695-ph.jpg
137-RP,NAUTICAL BRAIDED PRINTED ROUND PM,"4 Designs
 Case Pack: 48
 Unit Price: $ 2.00 each
",$96.00,instock,https://www.livingfashions.com/wp-content/uploads/137-rp.jpg
539-KPS,WINE TAPESTRY KPS,"60 Placemat; 36 Kitchen Towel; 24 Pot Holder; 24 Oven Mitt
 Case Pack: 144
 Unit Price: $ 0.95 each
 *Case pack includes individual pieces, not packed as a set*
  
",$136.80,instock,https://www.livingfashions.com/wp-content/uploads/539-kps.jpg
BC611-HOME,6PK HOME PLACEMAT,"1 Design - BK/WH Color
 Size: 13"" x 19""
 Case Pack: 12
 Unit Price: $ 6.00 each
",$72.00,instock,https://www.livingfashions.com/wp-content/uploads/bc611-home.jpg
1400-KT,S/3 KITCHEN TOWEL,"3 Pack Set - 4 Asst Design
 Size: 18"" x 28""
 Case pack: 24
 Unit Price: $2.50
 (Assorted Colors May Change - Closeout Item)
",$60.00,instock,https://www.livingfashions.com/wp-content/uploads/1400-kt.jpg
TOT-101,AMAZON CHINDI TOTE BAG,"1 Pack Bag - 23"" x 18"" x 9""
 Case Pack: 12
 Price: $7.00 each
 Upcyled Bag, Spot clean only
",$84.00,outofstock,https://www.livingfashions.com/wp-content/uploads/tot-101.jpg
TOT-102,AMAZON DENIM TOTE BAG,"1 Pack Bag - 23"" x 18"" x 9""
 Case Pack: 12
 Price: $ 8.00 each
 Upcyled Bag, Spot clean only
",$96.00,instock,https://www.livingfashions.com/wp-content/uploads/tot-102.jpg
162-P,AMERICANA TAPESTRY PLACEMAT,"3 Designs
 Size: 13"" x 19""
 Case Pack: 72
 Unit Price: $0.95
",$68.40,instock,https://www.livingfashions.com/wp-content/uploads/162-p.jpg
816-CB,PET THEME NATURAL PRINTED CANVAS TOTE BAG,"4 Designs
 Item Size - 14"" x 17""
 Case Pack: 72
 Unit Price: $1.05
  
 ""Life is Better with a Dog""
 ""Cold Nose, Warm Heart""
 ""Love is a Four-Legged Word""
 ""Dog Mother, Wine Lover""
  
",$75.60,instock,https://www.livingfashions.com/wp-content/uploads/816-cb.jpg
202-KT,FUNNY SAYINGS KITCHEN TOWELS,"5 designs - Herringbone
 Size -16"" x 26""
 Case Pack: 60
 Price: $ 1.45 
",$87.00,instock,https://www.livingfashions.com/wp-content/uploads/202-kt.jpg
909-HP,TABLE MAT SURFACE PROTECTORS,"2 Pack Set - 4 Designs
 9"" Round - Cotton Trivett
 Case Pack: 48
 Unit Price: $ 1.20 each
",$57.60,instock,https://www.livingfashions.com/wp-content/uploads/909-hp.jpg
205-KT,HOME SENTIMENTS KITCHEN TOWEL,"5 Designs - White Flour Sack
 Size - 16 x 28"" 
 Case Pack: 60
 Price: $ 1.45
",$87.00,instock,https://www.livingfashions.com/wp-content/uploads/205-kt.jpg
223-KT,INSPIRE ME SAYINGS KITCHEN TOWEL,"5 Designs - Flour Sack
 Size -16""x28""
 Case Pack: 60
 Price: $1.45
",$87.00,instock,https://www.livingfashions.com/wp-content/uploads/223-kt.jpg
132-P,FRUITS TAPESTRY PLACEMAT,"3 Designs -  Size: 13"" x 19""
 Case Pack: 72
 Unit Price: $ 0.95
",$68.40,outofstock,https://www.livingfashions.com/wp-content/uploads/132-p.jpg
153-P,FLORAL TAPESTRY PLACEMAT,"3 Designs - 13"" x 19""
 Case Pack: 72
 Unit Price: $ 0.95 each
",$68.40,instock,https://www.livingfashions.com/wp-content/uploads/153-p.jpg
1095X,CHINDI RAINBOW RUG,"Assorted designs
 Size: 20"" x 32"" 
 Case Pack: 18 (Minimum Qty 36)
 Unit Price: $ 1.95 each
",$35.10,instock,https://www.livingfashions.com/wp-content/uploads/1095x.jpg
517A-KPS,Pumpkin & Hayrides Printed,"Case Pack: 144
 Unit Price: $ 0.95 each
 72 PlaceMat (13x19""), 48 Kitchen Towel (15x25""), 12 Oven Mitt (12""), 12 Pot Holder (7x7"")
 *Case pack includes individual pieces, not packed as a set*
",$136.80,instock,https://www.livingfashions.com/wp-content/uploads/517a-kps.jpg
824-FHP,FALL TABLE MAT SURFACE PROTECTORS,"2 Pack Set - 4 Designs
 9"" Round - Cotton Trivett
 Case Pack: 48
 Unit Price: $ 1.20 each
",$57.60,instock,https://www.livingfashions.com/wp-content/uploads/824-fhp.jpg
506-KPS,Pumpkin Patch Tapestry,"Case Pack: 144
 Price: $ 0.95 each
 72 PlaceMat (13x19""), 48 Kitchen Towel (15x25""), 12 OvenMitt (12""), 12 PotHolder (7x7"")
 *Case pack includes individual pieces, not packed as a set*
",$136.80,instock,https://www.livingfashions.com/wp-content/uploads/506-kps.jpg
TB-IN,INDIANA STATE TOTE BAG,"1 Pack Bag - 14"" x 16""
 Case Pack: 36
 Unit Price: $ 2.40 each
",$86.40,instock,https://www.livingfashions.com/wp-content/uploads/tb-in.jpg
TB-OH,OHIO STATE TOTE BAG,"1 Pack Bag - 14"" x 16""
 Case Pack: 36
 Unit Price: $ 2.40 each
",$86.40,instock,https://www.livingfashions.com/wp-content/uploads/tb-oh.jpg
TB-SC,SOUTH CAROLINA STATE TOTE BAG,"1 Pack Bag - 14"" x 16""
 Case Pack: 36
 Unit Price: $ 2.40 each
",$86.40,instock,https://www.livingfashions.com/wp-content/uploads/tb-sc.jpg
TB-NC,NORTH CAROLINA STATE TOTE BAG,"1 Pack Bag - 14"" x 16""
 Case Pack: 36
 Unit Price: $ 2.40 each
",$86.40,instock,https://www.livingfashions.com/wp-content/uploads/tb-nc.jpg
TB-MI,MICHIGAN STATE TOTE BAG,"1 Pack Bag - 14"" x 16""
 Case Pack: 36
 Unit Price: $ 2.40 each
",$86.40,outofstock,https://www.livingfashions.com/wp-content/uploads/tb-mi.jpg
182-P,COUNTRY STYLE TAPESTRY PLACEMAT,"3 Designs - Size: 13"" x 19""
 Case Pack: 72
 Price: $0.95
",$68.40,instock,https://www.livingfashions.com/wp-content/uploads/182-p.jpg
525-KPS,SUNFLOWER TAPESTRY KPS,"60 Placemats; 48 Kitchen Towels, 12 Pot Holder, 12 Oven Mitt
 Case Pack: 144
 Unit Price: $ 0.95 each
  
 *Case pack includes individual pieces, not packed as a set*
",$136.80,instock,https://www.livingfashions.com/wp-content/uploads/525-kps.jpg
AZ214-P,VALENTINE PLACEMAT,"1 Design - 60% Cotton / 40% Polyester
 Item Size: 13x19""
 Case Pack: 48
 Unit Price: $ 0.75 each
",$36.00,instock,https://www.livingfashions.com/wp-content/uploads/az214-p.jpg
E22SW-PK,2PK EASTER KITCHEN TOWEL + POTHOLDER,"2 Pack Set - Kitchen Towel w/ Egg Shape PotHolder
 4 Designs - 15""x25""
 Case Pack: 48
 Unit Price: $ 3.00 each
",$144.00,instock,https://www.livingfashions.com/wp-content/uploads/e22sw-pk.jpg
102-P,*SOLD OUT*," 
 EASTER TAPESTRY PLACEMAT
 4 Designs - Size: 13x19""
 Case Pack: 96
 Price: $0.95
",$91.20,outofstock,https://www.livingfashions.com/wp-content/uploads/102-p.jpg
1124-TH,FALL HARVEST WOVEN COTTON THROW,"Size: 50""x 60"" - 3 Designs
 Case Pack: 12
 Unit Price: $ 8.00 each
 Weight: 750-775g
",$96.00,instock,https://www.livingfashions.com/wp-content/uploads/1124-th.jpg
652-KS,EASTER KITCHEN ITEMS,"Kitchen Towel 48, Pot Holder 12, Oven Mitt 12
 Size: 18x28"" KTowel
 Case Pack: 72
 Unit Price: $ 0.95 each
 *Case pack includes individual pieces, not packed as a set*
",$68.40,instock,https://www.livingfashions.com/wp-content/uploads/652-ks.jpg
1026-CHP,CHRISTMAS TABLE MAT SURFACE PROTECTORS,"2 Pack Set - 4 Designs
 9"" Round - Cotton Trivet
 Case Pack: 48
 Unit Price: $ 1.20 each
",$57.60,instock,https://www.livingfashions.com/wp-content/uploads/1026-chp.jpg
NXMAS-02,HAPPY HOLIDAY KITCHEN TOWEL,"Size: 16"" X 26"" 
 Case Pack: 72
 Price: $1.45
",$104.40,instock,https://www.livingfashions.com/wp-content/uploads/nxmas-02.jpg
924-RX,"54"" HOLIDAY PRINTED RUNNER","4 Designs - Size: 13"" X 54""
 Case Pack: 48
 Price: $ 2.75 each
 Match with item 124-P
",$132.00,instock,https://www.livingfashions.com/wp-content/uploads/924-rx.jpg
352-KT,EASTER PRINTED KITCHEN TOWEL,"4 Designs - 15""x25""
 Case Pack: 72
 Unit Price: $ 0.95 each
",$68.40,instock,https://www.livingfashions.com/wp-content/uploads/352-kt.jpg
125-P,CHRISTMAS WOVEN PLACEMAT,"4 Designs
 Size: 13"" X 19""
 Case Pack: 144
 Unit Price: $ 0.95 each
 Match with 725-KT, 925-OP, 625-MM
",$136.80,instock,https://www.livingfashions.com/wp-content/uploads/125-p.jpg
AMR5PK-DS,S/5 ANTIMICROBIAL KITCHEN TOWEL,"5 Pack Set - 3 Designs - Light Green Color, Lime, Mint
 Size: 16""x26""
 Case Pack: 24
 Unit Price: $ 3.50 each
",$84.00,instock,https://www.livingfashions.com/wp-content/uploads/amr5pk-ds.jpg
AMR5PK-LGT TAUPE,S/5 ANTIMICROBIAL KITCHEN TOWEL,"5 Pack Set - 3 Designs - Light Brown Taupe Color
 Size: 16""x26""
 Case Pack: 24
 Unit Price: $ 3.50 each
",$84.00,instock,https://www.livingfashions.com/wp-content/uploads/amr5pk-lgt taupe.jpg
122-P,FARM FRESH TAPESTRY PLACEMAT,"4 Designs - 13""X19""
 Case Pack: 96
 Unit Price: $ 0.95 each
 Match with 822-R
",$91.20,instock,https://www.livingfashions.com/wp-content/uploads/122-p.jpg
AMBMDC-SEA SPRAY,S/6 ANTIMICROBIALBAR MOP DISHCLOTH ,"Set of 6 - Green Color
 Size: 12"" X 12"" - Antimicrobial/Ultra Absorbent
 Case Pack: 48
 Unit Price: $ 1.55 each
",$74.40,instock,https://www.livingfashions.com/wp-content/uploads/ambmdc-sea spray.jpg
AMBMDC-OR/AW,S/6 ANTIMICROBIAL BAR MOP DISHCLOTH ,"Set of 6 - Orange Ruse/Antique White Color
 Size: 12"" X 12"" - Antimicrobial/Ultra Absorbent
 Case Pack: 48
 Unit Price: $ 1.55 each
",$74.40,instock,https://www.livingfashions.com/wp-content/uploads/ambmdc-or/aw.jpg
9030-KT,2PK ASTON STRIPE KITCHEN TOWEL,"2 Pack Set, 4 Colors 
 16""X26"" -90gm
 Case Pack: 48
 Unit Price: $2.50 each
",$120.00,instock,https://www.livingfashions.com/wp-content/uploads/9030-kt.jpg
203-KT,INSPIRE SAYING KITCHEN TOWELS,"5 Designs - Flour Sack
 Size -16"" x 26""
 Case Pack: 60
 Price:  $1.45
",$87.00,instock,https://www.livingfashions.com/wp-content/uploads/203-kt.jpg
6428-BD,6PK BARMOP DISHCLOTH,"6 Pack Set - Asst Colors
 12""X12"" - Weight: 35g
 Case Pack: 48
 Unit Price: $ 2.50 each
 Match with 5427-BK
",$120.00,instock,https://www.livingfashions.com/wp-content/uploads/6428-bd.jpg
2771-DC,S/2 RIBBED DISHCLOTH,"2 Pack Set - 4 Colors
 12""X12"" - Weight: 38g
 Case Pack: 72
 Unit Price: $1.05 each
 Match with Item 1771-KT
",$75.60,instock,https://www.livingfashions.com/wp-content/uploads/2771-dc.jpg
2855-DC,2PK ASHTON DISHCLOTH,"2 Pack Set - 4 Colors
 12""X12"" - Weight: 38g
 Case Pack: 72
 Unit Price: $1.05 each
 Match with Item 1855-KT
",$75.60,instock,https://www.livingfashions.com/wp-content/uploads/2855-dc.jpg
2240-DC,2PK DANVER DISHCLOTH,"2 Pack Set - 4 Colors
 12""X12"" - Weight: 38g
 Case Pack: 72
 Unit Price: $1.05 each
 Match with Item 1240-KT
",$75.60,instock,https://www.livingfashions.com/wp-content/uploads/2240-dc.jpg
1771-KT,1PK RIBBED KITCHEN TOWEL,"1 Pack; 4 colors
 15"" x 25"" - Weight: 108g
 Case Pack: 72
 Unit Price : $1.05 each
 Match with Item 2855-DC
",$75.60,instock,https://www.livingfashions.com/wp-content/uploads/1771-kt.jpg
1855-KT,1PK ASHTON KITCHEN TOWEL,"1 Pack; 4 colors
 15"" x 25"" - Weight: 108g
 Case Pack: 72
 Unit Price : $1.05 each
 Match with Item 2855-DC
",$75.60,instock,https://www.livingfashions.com/wp-content/uploads/1855-kt.jpg
1240-KT,1PK DANVER KITCHEN TOWEL,"1 Pack; 4 colors
 15"" x 25"" - Weight: 108g
 Case Pack: 72
 Unit Price : $1.05 each
 Match with Item 2240-DC
",$75.60,instock,https://www.livingfashions.com/wp-content/uploads/1240-kt.jpg
5427-BK,S/5 BAR MOP KITCHEN TOWELS,"5 Piece Set 
 16""x19"" - Weight: 74g
 Case Pack: 24
 Unit Price: $ 4.00 each
 Match with item 6428-BD
",$96.00,outofstock,https://www.livingfashions.com/wp-content/uploads/5427-bk.jpg
8001-FBL,2PK FRIDGE BIN LINER ,"2 Pack Set; 4 Designs
 15"" x 20"" - 380 GSM
 Case Pack: 48
 Unit Price: $ 2.00  each
 100% Polyester / Mircofiber - Thickness: 0.5cm
",$96.00,instock,https://www.livingfashions.com/wp-content/uploads/8001-fbl.jpg
139-RP,EVERYDAY BRAIDED PRINTED ROUND PM,"1 Pack - 4 Designs
 14"" Round Placemat
 Case Pack: 48
 Unit Price: $ 2.00 each
",$96.00,instock,https://www.livingfashions.com/wp-content/uploads/139-rp.jpg
170-RD,PP ROUND PLACEMAT,"6 Colors
 15"" Round
 Case pack: 72
 Unit Price: $2.00
",$144.00,instock,https://www.livingfashions.com/wp-content/uploads/170-rd.jpg
980-AP,ALL SEASONS PRINTED APRONS,"4 Assorted Designs - Natural Canvas Base
 19"" X 30""
 Case Pack: 72
 Unit Price: $ 1.45 each
",$104.40,instock,https://www.livingfashions.com/wp-content/uploads/980-ap.jpg
9900-AP,COTTON APRON WITH POCKETS,"6 Designs - 100% Cotton
 Size: 24"" X 30""
 Case Pack: 36
 Price: $ 3.50
  
",$126.00,instock,https://www.livingfashions.com/wp-content/uploads/9900-ap.jpg
919-AP,VINTAGE SAYING PRINTED APRON ,"4 Designs - Cotton - Natural Canvas Base
 Size: 19"" X 30""
 Case Pack: 72
 Unit Price: $ 1.45 each
",$104.40,instock,https://www.livingfashions.com/wp-content/uploads/919-ap.jpg
920-AP,LILY INSPIRED PRINTED APRONS,"4 Assorted Designs - Cotton
 Size: 19"" X 30""
 Case Pack: 72
 Price: $1.45 
 Match with item 220-KT
",$104.40,instock,https://www.livingfashions.com/wp-content/uploads/920-ap.jpg
220-KT,LILY INSPIRED POM POM KITCHEN TOWEL,"4 Designs  - Flat Woven
 Size - 16""x28""
 Case Pack: 72
 Price: $2.00
 Match with item 920-AP
",$144.00,instock,https://www.livingfashions.com/wp-content/uploads/220-kt.jpg
RI48-KT,S/2 EMB LUCKY AND I GNOME IT KITCHEN TOWEL,"2 Pack Set - Embroider Design
 Size : 18""x28""
 Case Pack: 48
 Unit Price: $2.50 each
",$120.00,outofstock,https://www.livingfashions.com/wp-content/uploads/ri48-kt.jpg
RI45-KT,S/2 EMB ST PATRICKS GNOME KITCHEN TOWEL,"2 Pack Set - Embroider Design
 Size - 18""x28""
 Case Pack: 48
 Unit Price: $2.50 each
",$120.00,outofstock,https://www.livingfashions.com/wp-content/uploads/ri45-kt.jpg
RI40-KT,S/2 EMB LUCK SHAMROCK KITCHEN TOWEL,"2 Pack Set - Embroider Design
 Size - 18""x28""
 Case Pack: 48
 Unit Price: $2.15 each
",$103.20,outofstock,https://www.livingfashions.com/wp-content/uploads/ri40-kt.jpg
RI38-KT,S/2 EMB PLAID ST PATRICKS KITCHEN TOWEL,"2 Pack Set - Embroider Design
 Size - 18""x28""
 Case Pack: 48
 Unit Price: $2.15 each
",$103.20,outofstock,https://www.livingfashions.com/wp-content/uploads/ri38-kt.jpg
RVV-029,S/2 EMB SENDING MY LOVE BIKE KITCHEN TOWEL,"2 Pack Set  - Embroider Design
 Size - 18""x28""
 Case Pack: 48
 Unit Price: $2.15 each
",$103.20,outofstock,https://www.livingfashions.com/wp-content/uploads/rvv-029.jpg
RVV-028,S/2 EMB HEART PATCH STRIPE KITCHEN TOWEL,"2 Pack Set  - Embroider Design
 Size - 18""x28""
 Case Pack: 48
 Unit Price: $2.15 each
",$103.20,outofstock,https://www.livingfashions.com/wp-content/uploads/rvv-028.jpg
190-P,TEXTILINE PLACEMAT ,"4 Asst Colors
 Size: 13"" x 19"" -  580 GSM
 Case Pack: 72
 Price: $2.00 
",$144.00,instock,https://www.livingfashions.com/wp-content/uploads/190-p.jpg
214-KT,FARMERS TABLE PRINTED KITCHEN TOWEL,"5 Designs - Flat Woven Material
 Size - 16""x28""
 Case Pack: 60
 Price: $1.45
",$87.00,instock,https://www.livingfashions.com/wp-content/uploads/214-kt.jpg
1126-KT,EVERYDAY PRINTED KITCHEN TOWEL,"2 Pack Set - 4 Designs  - Flour Sack
 Size: 15""x25"" 
 Case Pack: 48
 Price: $ 2.10 each
",$100.80,instock,https://www.livingfashions.com/wp-content/uploads/1126-kt.jpg
2444-DC,2PK BARMOP DISHCLOTH,"2 Pack Set - 6 Colors
 12""X12"" - 35g
 Case Pack: 72
 Unit Price: $ 0.95 each
 Match with 6661-KT
",$68.40,instock,https://www.livingfashions.com/wp-content/uploads/2444-dc.jpg
1970-HT,HAND TOWEL,"1 pack; 4 Colors - Weight: 108g
 Siz: 15"" x 25""
 Case Pack: 72
 Price: $ 1.05 
 Match with 1980-WC, 1960-BT
",$75.60,instock,https://www.livingfashions.com/wp-content/uploads/1970-ht.jpg
3088-WC,2PK WASH CLOTH,"2 Pack Set - 7 Colors - 12 Each Color
 12"" x 12"" -  52 g
 Case Pack: 84
 Unit Price: $ 1.05 each
 Match with 4070-HT, 4060-BT
",$88.20,instock,https://www.livingfashions.com/wp-content/uploads/3088-wc.jpg
513-TH,JACQUARD COTTON THROW BLANKET,"4  Designs -750-775 grams
 Size: 50""x 60"",
 Case Pack: 12
 Price: $8.00 each
",$96.00,instock,https://www.livingfashions.com/wp-content/uploads/513-th.jpg
888-R,BUFFALO PLAID WOVEN RUNNER,"4 Colors -  Size: 13""x48"" - Cotton
 Case Pack: 36
 Price: $3.00
 Match with item 388-KT, 688-OP, 988-AP & 188-P
",$108.00,outofstock,https://www.livingfashions.com/wp-content/uploads/888-r.jpg
LA-KT,SAYINGS KITCHEN TOWEL,"15"" X  25""
 Case Pack: 72
 Unit Price: $ 0.95 each
 Floursack Material
",$68.40,instock,https://www.livingfashions.com/wp-content/uploads/la-kt.jpg
989-WB,COTTON CANVAS SAYING WINE BAG ,"4 Designs - Size: 5.25"" x 13.5""
 Case Pack:  72 
 Price: $0.95 each
",$68.40,instock,https://www.livingfashions.com/wp-content/uploads/989-wb.jpg
6079-BD,BAR MOP DISHCLOTH ,"Set of 6 - White Color
 Size: 12"" X 12"" - 13.5oz
 Case Pack: 48
 Unit Price: $ 2.50 each
",$120.00,instock,https://www.livingfashions.com/wp-content/uploads/6079-bd.jpg
138-P,PREMIUM TEXTILINE PLACEMAT ,"4 Colors
 13"" x 19"" -  580 - 600 GSM
 Case Pack: 72
 Unit Price: $2.00 each
",$144.00,instock,https://www.livingfashions.com/wp-content/uploads/138-p.jpg
144-P,TEXTILINE PLACEMAT ,"4 Colors
 13"" x 19""
 Case Pack: 72
 Unit Price: $2.00 each
",$144.00,instock,https://www.livingfashions.com/wp-content/uploads/144-p.jpg
157-P,TEXTILINE PLACEMAT ,"4 Colors - Diamond Texture
 Size: 13"" x 19"" - 580GSM
 Case Pack: 72
 Price: $2.00 
",$144.00,instock,https://www.livingfashions.com/wp-content/uploads/157-p.jpg
NA-703,"FLOUR SACK KITCHEN TOWEL, WHITE","26""X26""
 Case Pack: 72
 Unit Price: $ 1.00 each
",$72.00,instock,https://www.livingfashions.com/wp-content/uploads/na-703.jpg
988-AP,BUFFALO PLAID WOVEN APRON,"3 Colors - 100% Cotton
 Item Size: 24"" X 30""
 Case Pack: 48
 Unit Price: $ 2.35 each
 Match with item 388 KT, 188-P, 688-OP & 888-R
",$112.80,instock,https://www.livingfashions.com/wp-content/uploads/988-ap.jpg
363-KT,AMERICANA PRINTED KITCHEN TOWEL,"3 Designs - 15""x25"" - Flat Woven
 Case Pack: 72
 Unit Price: $ 0.95 each
 Match with item 663-OP
  
 ""God Bless America, My Home Sweet Home""
 ""Stars & Stripes Forever""
",$68.40,instock,https://www.livingfashions.com/wp-content/uploads/363-kt.jpg
663-OP,AMERICANA PRINTED OVENMITS & POTHOLDERS SET,"3 Designs; 36 Ovenmits and 36 Potholders
 Case Pack: 72
 Price: $ 0.85 
 Match with item 363 KT
  
 ""God Bless America, My Home Sweet Home""
 ""Stars & Stripes Forever""
",$68.40,instock,https://www.livingfashions.com/wp-content/uploads/663-op.jpg
136-P,NAUTICAL TAPESTRY PLACEMAT,"3 Designs - 13"" X 19""
 Case Pack: 72
 Unit Price: $0.95 each
",$68.40,instock,https://www.livingfashions.com/wp-content/uploads/136-p.jpg
2525-TB,TOTE BAG ASSORTED COLORS,"Size: 14"" x 19"" x 7""
 Case Pack: 48
 Price:  $3.75
 Weight: 410 GSM, 12oz
",$180.00,instock,https://www.livingfashions.com/wp-content/uploads/2525-tb.jpg
TOT 2514,TOTE BAG MEDIUM WHITE ,"14"" X 13"" X 3"", 270 GSM, 8 OZ
 100% Cotton Canvas
 Case Pack: 48
 Unit Price: $ 1.25 Each
",$60.00,instock,https://www.livingfashions.com/wp-content/uploads/tot 2514.jpg
1177-R,RANDOLPH COTTON WOVEN RUG,"20""x 32""
 Case Pack: 24
 Unit Price: $ 4.50 each
",$108.00,instock,https://www.livingfashions.com/wp-content/uploads/1177-r.jpg
901-CB,"THE ""SHOPPER"" TOTE BAG","4 Designs
 16"" x 18"" x 5""
 Case Pack: 48
 Unit Price: $2.00
",$96.00,instock,https://www.livingfashions.com/wp-content/uploads/901-cb.jpg
354-KT,FLORAL PRINTED KITCHEN TOWEL,"3 Designs
 15"" X 25""
 Case Pack: 72
 Unit Price: $ 0.95 each
 Match With Item 654-OP
",$68.40,instock,https://www.livingfashions.com/wp-content/uploads/354-kt.jpg
654-OP,FLORAL PRINTED OVENMITS & POTHOLDERS SET,"3 Designs; 36 Ovenmits and 36 Potholders 
 Case Pack: 72
 Unit Price: 0.95 each
 Match With Item 354-KT
",$68.40,instock,https://www.livingfashions.com/wp-content/uploads/654-op.jpg
4970-DC,2PK GEOMETRIC PRINTED DISHCLOTH,"2 Pack Set - 4 Designs  - Microfiber - 100% Polyester
 Size: 12""X12"" - Microfiber - 100% Polyester
 Case Pack: 144
 Unit Price: $ 0.95
 Match with 3970-KT, 2222-DM
",$136.80,instock,https://www.livingfashions.com/wp-content/uploads/4970-dc.jpg
526-KPS,BLESSED TAPESTRY KPS,"72 Placemats; 48 Kitchen Towels, 12 Pot Holder, 12 Oven Mitt
 Case Pack: 144
 Unit Price: $ 0.95 each
 *Case pack includes individual pieces, not packed as a set*
",$136.80,instock,https://www.livingfashions.com/wp-content/uploads/526-kps.jpg
134-P,TROPICAL TAPESTRY PLACEMAT,"3 Designs - 13"" x 19""
 Case Pack: 72
 Unit Price: $ 0.95 each
  
 ""Pineapples""
 ""Flamingos""
 ""Flowers""
",$68.40,instock,https://www.livingfashions.com/wp-content/uploads/134-p.jpg
148-P,CAFE TAPESTRY PLACEMAT,"3 Designs - Size: 13"" x 19""
 Case Pack: 72
 Price: $ 0.95
",$68.40,instock,https://www.livingfashions.com/wp-content/uploads/148-p.jpg
1189-R,MESA COTTON WOVEN RUG,"20""x 32""
 Case Pack: 24
 Unit Price: $ 4.50 each
",$108.00,instock,https://www.livingfashions.com/wp-content/uploads/1189-r.jpg
632-OP,FRUIT PRINTED OVENMITS & POTHOLDERS SET,"3 Designs; 36 Ovenmits and 36 Potholders
 Case Pack: 72
 Unit Price: 0.95 each
 Match With Item 332-KT
",$68.40,instock,https://www.livingfashions.com/wp-content/uploads/632-op.jpg
332-KT,FRUIT TERRY PRINT KITCHEN TOWEL,"3 Designs
 15"" x 25""
 Case Pack: 72
 Unit Price: $ 0.95 each
 Match With Item 632-OP
",$68.40,instock,https://www.livingfashions.com/wp-content/uploads/332-kt.jpg
689-MM,FALL WOVEN MINI OVEN MITT,"2 Pack Set - 3 Designs - Plaid Pattern
 7.5"" X 5"" - 85g/pc
 Case Pack: 24
 Unit Price:$ 4.00 each
",$96.00,instock,https://www.livingfashions.com/wp-content/uploads/689-mm.jpg
822-R,EVERYDAY TAPESTRY RUNNER,"4 Designs - Size:13"" x 48""
 Case Pack: 48
 Price: $ 3.00 
 Match with Item 122-P
",$144.00,instock,https://www.livingfashions.com/wp-content/uploads/822-r.jpg
4980-DC,2PK DISH CLOTH ,"4 Colors
 12"" X 12"" - 100% Polyester, 220GSM
 Case Pack: 144
 Unit Price: $ 0.95 each
",$136.80,instock,https://www.livingfashions.com/wp-content/uploads/4980-dc.jpg
217X-PET,CHRISTMAS PET DISH BOWL MAT,"2 Designs - 60% Cotton - 40% Polyester - Cotton Backing
 Size: 13""X19""
 Case Pack: 48
 Price: $ 3.00
",$144.00,instock,https://www.livingfashions.com/wp-content/uploads/217x-pet.jpg
124-P,HOLIDAY PRINTED PLACEMAT,"Size: 13""x19"" - 4 Designs
 Case Pack : 144
 Price : $ 0.95 
 Match with 924-RX
",$136.80,instock,https://www.livingfashions.com/wp-content/uploads/124-p.jpg
8925-PKC,"3PK Christmas Kitchen Towel, Potholder & Cookie Cutter","Set of 3 - 4 Designs 
 PH (8""x8"") / KT(15""x25"")
 Case Pack: 48
 Price: $ 2.75 each
",$132.00,instock,https://www.livingfashions.com/wp-content/uploads/8925-pkc.jpg
5425-TS,"CHRISTMAS TREE SKIRT 54"" ROUND","4 Designs - Tapestry Weave - Header / Hanger display
 Size: 54"" Round
 Case Pack: 12
 Price: $10.00 each
",$120.00,instock,https://www.livingfashions.com/wp-content/uploads/5425-ts.jpg
548-KPS,SANTA TAPESTRY KITCHEN SET,"Case Pack: 144
 Price: $0.95 each
 72 PlaceMat (13x19""), 48 Kitchen Towel (15x25""), 12 Oven Mitt (12""), 12 Pot Holder (7x7"")
 *Case pack includes individual pieces, not packed as a set*
",$136.80,instock,https://www.livingfashions.com/wp-content/uploads/548-kps.jpg
971-RX,"CHRISTMAS CHEER TAPESTRY RUNNER 72"" ","4 Designs - Size:13 x 72""
 Case Pack: 48
 Price: 3.70 each
 Match with item 171-P
",$177.60,instock,https://www.livingfashions.com/wp-content/uploads/971-rx.jpg
7520-BK,5PK BARMOP KITCHEN TOWEL,"5 Pack Set - Asst Colors
 16""X19"" - 74g
 Case Pack: 24
 Unit Price: $ 4.00 each
 Match with 6521-BD
",$96.00,instock,https://www.livingfashions.com/wp-content/uploads/7520-bk.jpg
6521-BD,6PK BARMOP DISHCLOTH,"6 Pack Set - Asst Colors
 12""X12"" - 35g
 Case Pack: 48
 Unit Price: $ 2.50 each
 Match with 7520-BK
",$120.00,instock,https://www.livingfashions.com/wp-content/uploads/6521-bd.jpg
5812-KT,S/2PK RIBBED KITCHEN TOWEL,"2 Pack; 4 colors
 18"" x 28"" - Weight: 115g
 Case Pack: 48
 Unit Price : $3.00 each
 Match with 4812-DC
",$144.00,outofstock,https://www.livingfashions.com/wp-content/uploads/5812-kt.jpg
4812-DC,S/4 RIBBED DISHCLOTH,"4 Pack Set - 4 Colors - Weight: 40g
 Size: 12""X12"" 
 Case Pack: 48
 Price: $ 2.00
 Match with Item 5812-KT
",$96.00,instock,https://www.livingfashions.com/wp-content/uploads/4812-dc.jpg
1980-WC,2PK WASH CLOTH ,"4 colors - Weight: 108g
 Size: 12"" x 12""
 Case Pack: 72
 Price: $1.05
 Match with 1970-HT, 1960-BT
",$75.60,instock,https://www.livingfashions.com/wp-content/uploads/1980-wc.jpg
1960-BT,BATH TOWEL ,"4 Colors - Weight: 10 lbs/dzn
 Size: 24"" x 48""
 Case Pack: 24
 Price: $ 5.00 
 Match with 1970-HT, 1980-WC
",$120.00,instock,https://www.livingfashions.com/wp-content/uploads/1960-bt.jpg
5112-SKT,2PK KITCHEN TOWELS WITH WOODEN SPOON,"Set of 2 - 4 Designs
 15""X25"" , Spoon - 12.5""
 Case Pack : 48
 Price : $ 2.50 each
",$120.00,instock,https://www.livingfashions.com/wp-content/uploads/5112-skt.jpg
807-R,GATHER TAPESTRY TABLE RUNNER,"4 Designs - 13"" x 48""
 Case Pack: 48
 Unit Price: $ 3.00 each
 Match with 107-P
  
 ""Blessed""
 ""Gather""
 ""Together, Family, Love""
 ""Our Nest is Best""
",$144.00,instock,https://www.livingfashions.com/wp-content/uploads/807-r.jpg
107-P,GATHER TAPESTRY PLACEMATS,"4 Designs - Size: 13"" x 19""
 Case Pack: 96
 Price: $ 0.95
 Match with item 807-R
",$91.20,instock,https://www.livingfashions.com/wp-content/uploads/107-p.jpg
9998-HT,HAND TOWEL WITH VISCOSE BORDER,"1 pack; 6 Colors
 15"" x 25""
 Case Pack: 72
 Unit Price: $1.05 each
 Weight: 2.4 lbs/dzn
  
 Match with 8110-WC, 1330-BT
",$75.60,instock,https://www.livingfashions.com/wp-content/uploads/9998-ht.jpg
8110-WC,2PK WASH CLOTH,"2 Pack; 6 colors
 12"" x 12"" - 1.19 lbs/dzn
 Case Pack: 72
 Unit Price: $ 1.05 each
 Match with 9998-HT, 1330-BT
",$75.60,instock,https://www.livingfashions.com/wp-content/uploads/8110-wc.jpg
240-KT,TWISTED DESIGNS FLOURSACK TOWEL,"5 Designs - Flour Sack
 Size -16""x28""
 Case Pack: 60
 Price: $ 1.45 each
",$87.00,instock,https://www.livingfashions.com/wp-content/uploads/240-kt.jpg
1490-KT,KITCHEN TOWEL,"1 Pack; 4 colors
 15"" x 25"" - Weight: 100g
 Case Pack: 72
 Unit Price : $1.05 each
 Match with Item 1581-DC
",$75.60,instock,https://www.livingfashions.com/wp-content/uploads/1490-kt.jpg
651-OP,WINE PRINTED OVENMITT & POTHOLDER,"3 Designs - 36 OvenMitts , 36 PotHolders
 Case Pack: 72
 Unit Price: $ 0.95 each
 Match with Item 351-KT
",$68.40,instock,https://www.livingfashions.com/wp-content/uploads/651-op.jpg
351-KT,WINE PRINTED KITCHEN TOWEL,"3 Designs
 15"" x 25""
 Case Pack: 72
 Unit Price: $ 0.95 each
 Match with Item 651-OP
",$68.40,instock,https://www.livingfashions.com/wp-content/uploads/351-kt.jpg
1581-DC,DISHCLOTH,"2 Pack Set; 4 Colors
 12"" x 12"" -  38g 
 Case Pack: 72
 Unit Price: $1.05 each
 Match with Item 1490-KT
",$75.60,outofstock,https://www.livingfashions.com/wp-content/uploads/1581-dc.jpg
8553-SKT,S/2 FALL SPOON & TEA TOWEL SET,"Set of 2 - 4 Designs
 Size: 16""X26""
 Case Pack : 48
 Unit Price : $2.75 each
",$132.00,instock,https://www.livingfashions.com/wp-content/uploads/8553-skt.jpg
606-KS,GIVE THANKS FALL KITCHEN ITEMS,"48 KitchenTowel, 12 PotHolder, 12 OvenMitt
 Size: KT-15x25”, PH-7x7"", OM - 7x12”
 Case Pack: 72
 Unit Price: $ 0.95 each
 *Case pack includes individual pieces, not packed as a set*
",$68.40,instock,https://www.livingfashions.com/wp-content/uploads/606-ks.jpg
7093-PKC,"3PK Potholder, Kitchen Towel & Cookie Cutter","4 Designs - Set of 3
 PH - 8""x8"" / KT - 15""x25""
 Case Pack: 48
 Price: $ 2.50 each
  
 ""Bee Kind""
 ""Everyday is a Blessing""
",$120.00,instock,https://www.livingfashions.com/wp-content/uploads/7093-pkc.jpg
372-KT,Fall Woven Tea Towel,"4 Designs - Embroidery & Patch
 Size: 16""X28""
 Case Pack: 60
 Unit Price: $ 1.70 each
",$102.00,instock,https://www.livingfashions.com/wp-content/uploads/372-kt.jpg
879-RF,"FALL PRINTED TABLE RUNNER 54""","Size: 13"" x 54"" - 4 Designs 
 Case Pack: 48
 Unit Price: $ 2.75 each
 Match with 179-P
",$132.00,instock,https://www.livingfashions.com/wp-content/uploads/879-rf.jpg
1031-KT,2PK HALLOWEEN EMBROIDERED & CHECK KITCHEN TOWEL,"Set of 2 - 4 Designs
 Item Size: 15"" x 25""
 Case Pack: 48
 Unit Price: $2.10 each
",$100.80,instock,https://www.livingfashions.com/wp-content/uploads/1031-kt.jpg
881-RF,"54"" HALLOWEEN TAPESTRY TABLE RUNNER","4 Designs
 Size: 13""x54""
 Case Pack : 48
 Unit Price : $2.75 each
 Match with 181-P
",$132.00,instock,https://www.livingfashions.com/wp-content/uploads/881-rf.jpg
925-OP,CHRISTMAS WOVEN OVEN MITT & POT HOLDER,"4 Designs - Plaid Pattern
 OM: 36 pcs / PH: 36 pcs
 Case Pack: 72
 Price:$ 0.95 each
 Match Item with 725-KT, 625-MM, 125-P
",$68.40,instock,https://www.livingfashions.com/wp-content/uploads/925-op.jpg
725-KT,CHRISTMAS WOVEN KITCHEN TOWEL,"Size: 15"" X 25"" - 4 Designs - Plaid Pattern
 Case Pack: 72
 Price:$ 0.95 each
 Match Item with 925-OP, 625-MM, 125-P
",$68.40,instock,https://www.livingfashions.com/wp-content/uploads/725-kt.jpg
625-MM,2PK CHRISTMAS WOVEN MINI OVEN MITT,"2 Pack Set - 4 Designs - Plaid Pattern
 Size: 7.5"" X 5"" - 85g/pc
 Case Pack: 24
 Price:$ 3.70 
 Match Item with 725-KT & 925-OP
",$88.80,instock,https://www.livingfashions.com/wp-content/uploads/625-mm.jpg
812-CB,SAYINGS PRINTED CANVAS TOTE BAG,"4 Designs - 14"" x 16""
 Case Pack: 72
 Unit Price: $1.05
",$75.60,instock,https://www.livingfashions.com/wp-content/uploads/812-cb.jpg
880-DB,BUFFALO CHECK DISPENSER BAG ,"4 Designs - 6.5"" x 15""
 Case Pack:  72 pc
 Unit Price: $0.95 each
",$68.40,instock,https://www.livingfashions.com/wp-content/uploads/880-db.jpg
729-DB,EVERYDAY PRINTED DISPENSER BAG ,"4 Designs - 6.5"" x 15""
 Case Pack:  72 
 Unit Price: $0.95 each
",$68.40,instock,https://www.livingfashions.com/wp-content/uploads/729-db.jpg
5125-TH,CHRISTMAS JACQUARD COTTON THROW,"3 Designs - 750-775g
 Item Size: 50""x 60""
 Case Pack: 12
 Price: $ 8.00 
",$96.00,instock,https://www.livingfashions.com/wp-content/uploads/5125-th.jpg
9525-DS,CHRISTMAS DRAFT STOPPER,"4 Designs - Tapestry Woven
 Item Size: 4""x 36""
 Case Pack: 12
 Price: $ 6.00 each
",$72.00,instock,https://www.livingfashions.com/wp-content/uploads/9525-ds.jpg
5311-KT,3PK POPCORN TERRY STRIPE KITCHEN TOWEL,"3 Pack Set, 4 Colors 
 Size: 16""X26"" -Pos/Neg 120g
 Case Pack: 24
 Unit Price: $ 4.00 each
 Match with Item 6311-DC
",$96.00,instock,https://www.livingfashions.com/wp-content/uploads/5311-kt.jpg
429-R,MAGNOLIA WOVEN RUNNER,"4 Colors - Cotton
 13"" x 48""
 Case Pack: 48
 Unit Price: $ 3.00 each
 Match with Item 129-P
",$144.00,instock,https://www.livingfashions.com/wp-content/uploads/429-r.jpg
129-P,MAGNOLIA WOVEN PLACEMAT,"4 Colors - 13"" x 19""
 Case Pack: 96
 Unit Price: $ 0.95 each
 Match with Item 429-R
",$91.20,instock,https://www.livingfashions.com/wp-content/uploads/129-p.jpg
6311-DC,6PK POPCORN TERRY STRIPE DISHCLOTH,"6 Pack Set - 4 Colors 
 12""X12"" - Pos/Neg 45g
 Case Pack: 24
 Unit Price: $ 3.50 each
 Match with Item 5311-KT
",$84.00,instock,https://www.livingfashions.com/wp-content/uploads/6311-dc.jpg
3822-KT,CHEVRON STRIPE TERRY KITCHEN TOWEL,"2 Pack; 4 Colors 
 16"" X 26"" - Weight: 100g
 Case Pack: 48
 Unit Price: $ 2.50 each
 Match with Item 4822-DC
",$96.00,instock,https://www.livingfashions.com/wp-content/uploads/3822-kt.jpg
211-KT,COASTAL DECOR PRINTED KITCHEN TOWEL,"5 Designs - Flour Sack
 Size - 16""x28"" - Flour Sack
 Case Pack: 60
 Price: $1.45 
",$87.00,instock,https://www.livingfashions.com/wp-content/uploads/211-kt.jpg
4221-MB,MAGAZINE TOTE BAG ,"4 Designs
 15.5"" x 15"" x 4""
 Case Pack: 48
 Unit Price:  $3.00 each
  
 ""He Sees Us, He Loves Us, He Hears Us""
 ""Mom Life is the Best Life""
 ""Bloom Where You are Planted
 ""Sunflower Vase""
",$144.00,instock,https://www.livingfashions.com/wp-content/uploads/4221-mb.jpg
2288-KT,S/2 SENTIMENT POM POM KITCHEN TOWEL,"2 Pack Set, 1 White Herringbone, 1 Dyed Waffle
 4 Designs - Size: 16"" x 28""
 Case Pack: 48
 Unit Price: $3.00 each
",$144.00,instock,https://www.livingfashions.com/wp-content/uploads/2288-kt.jpg
187-P,GINGHAM CHECK PLACEMAT ,"3 Colors - Burgandy, Navy Blue,  Black on Khaki Base
 Item Size - 13"" X 19""
 Case Pack: 72
 Unit Price: $ 0.95 each
 Match with 887-R
",$68.40,instock,https://www.livingfashions.com/wp-content/uploads/187-p.jpg
488-DC,2PK BUFFALO PLAID DISH CLOTH ,"4 Colors - 100% Cotton
 Size : 12""x12"" 
 Case Pack: 72
 Price: $ 0.95
 Match with item 388-KT, 688-OP, 188-P, 988-AP & 888-R
",$68.40,instock,https://www.livingfashions.com/wp-content/uploads/488-dc.jpg
388-KT,1PK BUFFALO PLAID WOVEN KITCHEN TOWEL," 4 Colors - Item Size: 15""x25"" - 100% Cotton
 Case Pack: 72
 Unit Price: $ 0.95 each
 Match with item 688-OP, 188-P, 988-AP & 888-R
",$68.40,instock,https://www.livingfashions.com/wp-content/uploads/388-kt.jpg
688-OP,BUFFALO PLAID OVENMITS & POTHOLDERS SET,"4 Colors; 36 Ovenmits and 36 Potholders
 Case Pack: 72
 Unit Price: $0.95 each
 Match with item 388 KT, 488-DC, 188-P, 988-AP & 888-R
",$68.40,instock,https://www.livingfashions.com/wp-content/uploads/688-op.jpg
188-P,BUFFALO PLAID WOVEN PLACEMAT,"4 Colors - Size : 13"" X 19"" - 100% Cotton
 Case Pack: 72
 Unit Price: $ 0.95 each
 Match with item 388-KT, 488-DC, 688-OP, 988-AP & 888-R
",$68.40,instock,https://www.livingfashions.com/wp-content/uploads/188-p.jpg
887-R,"48"" GINGHAM CHECK TABLE RUNNER","3 Colors - Burgundy, Black, Blue on Khaki Base
 Item Size - 13""x48""
 Case Pack: 36
 Unit Price: $3.00 each
 Match with 187-P 
",$108.00,instock,https://www.livingfashions.com/wp-content/uploads/887-r.jpg
287-KS,CLASSIC WOVEN KITCHEN ITEMS,"Kitchen Towel, Pot Holder, Oven Mitt 
 3 Designs (Plaid, Check, Stripes) on a Khaki Base
 3 Colors (Burgundy, Navy Blue, Black)
 Case Pack: 144
 Unit Price: $ 0.95 each
 *Case pack includes individual pieces, not packed as a set*
",$136.80,instock,https://www.livingfashions.com/wp-content/uploads/287-ks.jpg
387-KT,CLASSIC WOVEN KITCHEN TOWEL ,"3 Designs (Plaid, Check, Stripes) on Khaki Base
 3 Colors ( Burgundy, Navy Blue, Black)
 Item Size - 15"" X 25"" 
 Case Pack: 72
 Unit Price: $0.95 each
",$68.40,instock,https://www.livingfashions.com/wp-content/uploads/387-kt.jpg
207-KT,VINTAGE SAYINGS TEA TOWELS ,"5 Assorted Designs
 Size -16"" X 26""
 Case Pack: 60
 Price: $ 1.45
",$87.00,instock,https://www.livingfashions.com/wp-content/uploads/207-kt.jpg
216-KT,LOVE MY DOG PRINTED KITCHEN TOWEL,"5 Designs - Herringbone
 Size- 16""x28""
 Case Pack: 60
 Price: $ 1.45 each
",$87.00,instock,https://www.livingfashions.com/wp-content/uploads/216-kt.jpg
212-KT,FUNNY POM POM PRINTED KITCHEN TOWEL,"5 Designs - Herringbone
 Size - 16""x28""
 Case Pack: 60
 Price: $1.55
",$93.00,instock,https://www.livingfashions.com/wp-content/uploads/212-kt.jpg
088-KT,FUNNY WITTY SAYINGS KITCHEN TOWELS,"6 Designs - 15""x25""
 Case Pack: 72
 Unit Price: $ 1.05 each
 Flat Woven Material
  
 ""Don't Be Afraid to Take Whisks""
 ""Homemade with Love""
 ""If I Have to Stir it, It's Homemade""
 ""Im so Grateful for My Children""
 ""Many Have Eaten here, Few Have Died""
 ""Wine Is Cheaper than Therapy""
",$75.60,outofstock,https://www.livingfashions.com/wp-content/uploads/088-kt.jpg
215-KT,LOVE MY HOME PRINTED KITCHEN TOWEL,"5 Designs - Flour Sack
 Size - 16""x28""
 Case Pack: 60
 Price: $1.45 
",$87.00,instock,https://www.livingfashions.com/wp-content/uploads/215-kt.jpg
5667-DC,3 PK WHITE BARMOP DISH CLOTH,"3 Pack Set, White Color
 12"" X 12"" - 35g
 Case Pack: 72
 Unit Price: $1.50 each
",$108.00,instock,https://www.livingfashions.com/wp-content/uploads/5667-dc.jpg
2357-KT,SONOMA WOVEN KITCHEN TOWEL,"2 Pack; 4 Colors
 16"" X 26"" - Weight: 70g/90g
 Case Pack: 48
 Unit Price: $ 1.95 each
",$93.60,instock,https://www.livingfashions.com/wp-content/uploads/2357-kt.jpg
SC-KT,SOUTH CAROLINA STATE KITCHEN TOWEL,"Size: 16""x 28""
 Case Pack: 24
 Price: $ 2.00
 Floursack Material
",$48.00,instock,https://www.livingfashions.com/wp-content/uploads/sc-kt.jpg
TN-KT,TENNESSEE STATE KITCHEN TOWEL,"Size: 16""x 28""
 Case Pack: 24
 Price: $ 2.00 each
 Floursack Material
",$48.00,instock,https://www.livingfashions.com/wp-content/uploads/tn-kt.jpg
NC-KT,NORTH CAROLINA STATE KITCHEN TOWEL,"Size: 20"" X  28""
 Case Pack: 24
 Price: $2.00
 Floursack Material
",$48.00,instock,https://www.livingfashions.com/wp-content/uploads/nc-kt.jpg
IN-KT,INDIANA STATE KITCHEN TOWEL,"Size: 20"" X  28""
 Case Pack: 24
 Price: $2.00
 Floursack Material
",$48.00,instock,https://www.livingfashions.com/wp-content/uploads/in-kt.jpg
GA-KT,GEORGIA STATE KITCHEN TOWEL,"Size: 16""x 28""
 Case Pack: 24
 Price: $ 2.50
 Floursack Material
",$48.00,instock,https://www.livingfashions.com/wp-content/uploads/ga-kt.jpg
VA-KT,VIRGINIA STATE KITCHEN TOWEL,"Size: 20"" X  28""
 Case Pack: 24
 Price: $ 2.00
 Floursack Material
",$48.00,outofstock,https://www.livingfashions.com/wp-content/uploads/va-kt.jpg
MI-KT,MICHIGAN STATE KITCHEN TOWEL,"Size: 16""x28""
 Case Pack: 24
 Price: $2.00
 Floursack Material
",$48.00,instock,https://www.livingfashions.com/wp-content/uploads/mi-kt.jpg
CA-KT,CALIFORNIA STATE KITCHEN TOWEL,"Size: 20""x 28""
 Case Pack: 24
 Price: $ 2.00
 Floursack Material
",$48.00,instock,https://www.livingfashions.com/wp-content/uploads/ca-kt.jpg
TX-KT,TEXAS STATE KITCHEN TOWEL,"Size: 16""x 28""
 Case Pack: 24
 Price $ 2.00
 Floursack Material
",$48.00,instock,https://www.livingfashions.com/wp-content/uploads/tx-kt.jpg
OH-KT,OHIO STATE KITCHEN TOWEL,"Size: 20 x 28""
 Case Pack: 24
 Price: $2.00
 Floursack Material
",$48.00,instock,https://www.livingfashions.com/wp-content/uploads/oh-kt.jpg
PA-KT,PENNSYLVANIA STATE KITCHEN TOWEL,"Size: 20"" X  28""
 Case Pack: 24
 Price: $ 2.00
 Floursack Material
",$48.00,instock,https://www.livingfashions.com/wp-content/uploads/pa-kt.jpg
X2512-KT,2PK CHRISTMAS KITCHEN TOWEL,"2 Pack Set- 1 Printed Design , 1 Red Kitchen Towel
 Size: 16"" x 28""
 Case Pack: 48
 Price: $3.00 each
",$144.00,instock,https://www.livingfashions.com/wp-content/uploads/x2512-kt.jpg
9112-SKT,S/2 HOLIDAY SPOON & TEA TOWEL SET,"Set of 2 - 4 Designs
 Size: 16"" X 26""
 Case Pack : 48
 Price : $ 2.75 
",$132.00,instock,https://www.livingfashions.com/wp-content/uploads/9112-skt.jpg
438-KT,CHRISTMAS TIE KITCHEN TOWEL,"4 Assorted Designs  
 Size: 16"" x 18"" x 3.5""
 Case Pack: 72
 Unit Price: $1.10 each
",$79.20,instock,https://www.livingfashions.com/wp-content/uploads/438-kt.jpg
8251-PK,S/2 HOLIDAY POTHOLDER & 1 KITCHEN TOWEL SET,"2 Pack Set - 4 Designs
 KT (15""x25"") PH (8""x8"")
 Case Pack: 48
 Unit Price: $ 2.50 each
",$120.00,instock,https://www.livingfashions.com/wp-content/uploads/8251-pk.jpg
954-RX,CHRISTMAS TAPESTRY RUNNER,"4 Designs - Size : 13"" X 72""
 Case Pack: 48
 Price: $3.70 each
 Match with item 154-P
",$177.60,instock,https://www.livingfashions.com/wp-content/uploads/954-rx.jpg
917-RS,"54"" SNOWMAN & WINTER RUNNER","4 Designs - Size:13"" X 54""
 Case Pack: 48
 Price:$ 2.70 
 Match with item 117-P
",$129.60,instock,https://www.livingfashions.com/wp-content/uploads/917-rs.jpg
2129-SS,CHRISTMAS SANTA SACK,"4 Designs - Bag to Hold Gifts
 Item Size: 14""x 18"" 
 Case Pack: 24
 Price: $ 2.50 
",$60.00,instock,https://www.livingfashions.com/wp-content/uploads/2129-ss.jpg
146-P,HOLIDAY PLAID WOVEN PLACEMAT,"13""x19"" - 4 Designs
 Case Pack : 144
 Unit Price : $ 0.95 each
",$136.80,instock,https://www.livingfashions.com/wp-content/uploads/146-p.jpg
392-KT,Halloween Printed Kitchen Towel,"6 Designs
 Size: 15""x25"" 
 Case Pack: 72
 Price: $0.95 each
",$68.40,instock,https://www.livingfashions.com/wp-content/uploads/392-kt.jpg
356-KT,WINTER HOLIDAY PRINTED KITCHEN TOWEL,"Size: 15"" X 25"" -  6 Designs
 Case Pack: 72
 Unit Price:$ 0.95 each
",$68.40,instock,https://www.livingfashions.com/wp-content/uploads/356-kt.jpg
6225-PK,FALL 2PK POT HOLDER & KITCHEN TOWEL SET,"Set of 2 - 4 Designs
 Size: KT -15""x25"" , PH - 8""x8""
 Case Pack: 48
 Unit Price: $ 2.50 each
",$120.00,instock,https://www.livingfashions.com/wp-content/uploads/6225-pk.jpg
965-AP,HOLIDAY PRINTED COTTON APRONS,"4 Designs - Size: 19"" x 30""
 Case Pack: 48
 Unit Pack: $ 1.70 each
",$81.60,instock,https://www.livingfashions.com/wp-content/uploads/965-ap.jpg
937-WB,CHRISTMAS SAYINGS COTTON WINE BAG   ,"4 Designs - Printed
 Size: 5.5""x14""
 Case Pack: 72
 Unit Price: $ 0.95 each
",$68.40,instock,https://www.livingfashions.com/wp-content/uploads/937-wb.jpg
3125-KT,2PK CHRISTMAS FLOURSACK TOWEL,"2 Pack Set - 4 Designs
 Size: 15""x25""
 Case Pack: 48
 Price: $ 1.95 each
",$93.60,instock,https://www.livingfashions.com/wp-content/uploads/3125-kt.jpg
924-AP,Fall Printed Cotton Apron,"4 Designs
 Size: 19""x30""
 Case Pack: 48
 Unit Price: $ 1.70 each
",$81.60,instock,https://www.livingfashions.com/wp-content/uploads/924-ap.jpg
F241-KT,S/2 Fall Festive Kitchen Towel Set,"Set of 2 - 4 Designs
 Size: 16"" x 28"" 
 Case Pack : 48
 Unit Price : $ 3.00 each
",$144.00,instock,https://www.livingfashions.com/wp-content/uploads/f241-kt.jpg
H899-CB,HALLOWEEN TREAT BAGS,"4 Designs
 Size- 14""x16"" 
 Case Pack: 72
 Unit Price : $ 0.95 each
",$68.40,instock,https://www.livingfashions.com/wp-content/uploads/h899-cb.jpg
338-KT,FALL TIE KITCHEN TOWEL,"4 Designs  
 Size - 16"" x 18"" x 3.5""
 Case Pack: 72
 Unit Price: $1.10 each
",$79.20,instock,https://www.livingfashions.com/wp-content/uploads/338-kt.jpg
5221-KT,CHRISTMAS FUNNY SAYING FLOURSACK,"Size: 15""x25"" - 6 Designs
 Case Pack: 72
 Price: $ 0.95 each
",$68.40,instock,https://www.livingfashions.com/wp-content/uploads/5221-kt.jpg
9825-AP,HOLIDAY PREMIUM WOVEN APRON,"4 Designs - 1 Pocket Pouch
 Size: 24""x30""
 Case Pack: 36
 Unit Price: $ 3.20 each
",$115.20,instock,https://www.livingfashions.com/wp-content/uploads/9825-ap.jpg
2994-KT,FOUTA PRINTED KITCHEN TOWEL,"2 Pack Set - 4 Designs - 16""x26""
 Case Pack: 48
 Unit Price: $5.00 each
  
 ""When Life Gives You Lemons Make Lemonade""
 ""This Kitchen is Seasoned with Love""
 ""Kitchen Rules""
 ""I Love Cooking with Wine'
",$240.00,instock,https://www.livingfashions.com/wp-content/uploads/2994-kt.jpg
TOT 517,TOTE BAG WITH FOLDED BOTTOM GUSSET,"Natural Beige -100% Cotton Canvas
 14""x11.5""x2.5”
 Case Pack: 72
 Unit Price: $ 1.00 Each
",$72.00,instock,https://www.livingfashions.com/wp-content/uploads/tot 517.jpg
TOT 2519,TOTE BAG MINI NATURAL BEIGE 5PK,"Set of 5 - 6"" X 5.5""
 100% Cotton Canvas
 Case Pack: 48
 Unit Price: $ 2.25 Each
",$108.00,instock,https://www.livingfashions.com/wp-content/uploads/tot 2519.jpg
IL-KT,ILLINOIS STATE KITCHEN TOWEL,"Size: 20""x 28""
 Case Pack: 24
 Price: $ 2.00
 Floursack Material
",$48.00,instock,https://www.livingfashions.com/wp-content/uploads/il-kt.jpg
WED-218,POUCH WITH ZIPPER - SILVER BRIDESMAID DESIGN,"6.5"" X 9"", 260-270 GSM
 Case Pack: 48
 Unit Price: $ 1.15 each
",$55.20,instock,https://www.livingfashions.com/wp-content/uploads/wed-218.jpg
992-RX,"54"" CHENILLE CHRISTMAS RUNNER","4 Designs - Size: 13"" X 54""
 Case Pack: 48
 Unit Price: $ 3.50 each
 Match with item 192-P
",$168.00,instock,https://www.livingfashions.com/wp-content/uploads/992-rx.jpg
FBRD-PM,"COTTON BRAIDED FALL PLACEMAT 14""","Size: 14"" Round - 4 Designs
 Case Pack: 48
 Unit Price: $1.70 each
",$81.60,instock,https://www.livingfashions.com/wp-content/uploads/fbrd-pm.jpg
CBRD-PM,COTTON BRAIDED XMAS PLACEMAT,"4 Designs - 14"" Round
 Case Pack: 48
 Price: $2.00 each
",$96.00,instock,https://www.livingfashions.com/wp-content/uploads/cbrd-pm.jpg
884-RF,"FALL TAPESTRY RUNNER 54""","4 Designs -
 Size: 13""x54""
 Case Pack : 48
 Unit Price : $ 2.75 each
 Match with 184-P
",$132.00,instock,https://www.livingfashions.com/wp-content/uploads/884-rf.jpg
1156-R,CHATHAM COTTON WOVEN RUG,"20""x 32""
 Case Pack: 24
 Unit Price: $ 4.50 each
",$108.00,instock,https://www.livingfashions.com/wp-content/uploads/1156-r.jpg
1144-R,PHOENIX COTTON WOVEN RUG,"20""x 32""
 Case Pack: 24
 Unit Price: $ 4.50 each
",$108.00,instock,https://www.livingfashions.com/wp-content/uploads/1144-r.jpg
1193-R,SEDONA COTTON WOVEN RUG,"20""x 32""
 Case Pack: 24
 Unit Price: $ 4.50 each
",$108.00,instock,https://www.livingfashions.com/wp-content/uploads/1193-r.jpg
1182-R,DIAMOND COTTON WOVEN RUG,"20""x 32""
 Case Pack: 24
 Unit Price: $ 4.50 each
",$108.00,instock,https://www.livingfashions.com/wp-content/uploads/1182-r.jpg
1131-R,CHINDI DENIM RUG,"20""x 32""
 Case Pack: 24
 Unit Price: $ 4.50 each
",$108.00,instock,https://www.livingfashions.com/wp-content/uploads/1131-r.jpg
1122-R,CHINDI LEATHER RUG,"20""x 32""
 Case Pack: 24
 Unit Price: $ 4.50 each
",$108.00,instock,https://www.livingfashions.com/wp-content/uploads/1122-r.jpg
2472-R,CHINDI RAINBOW RUNNER RUG,"24""x 72""
 Case Pack: 12
 Unit Price: $ 7.00 each
",$84.00,instock,https://www.livingfashions.com/wp-content/uploads/2472-r.jpg
FTAP-HR,FALL HARVEST TAPESTRY HEARTH RUG,"4 Designs
 Item Size: 20""x29""
 Case Pack: 24
 Unit Price: $4.50 each
",$108.00,instock,https://www.livingfashions.com/wp-content/uploads/ftap-hr.jpg
27991-KT,2PK SONOMA STRIPE KITCHEN TOWELS,"2 Pack Set - 4 Colors - Red, Grey, Tan, Navy
 20""x28""
 Case Pack: 36
 Unit Price: $ 3.00 each
",$108.00,instock,https://www.livingfashions.com/wp-content/uploads/27991-kt.jpg
617-OP,ROOSTER PRINTED OVENMITS & POTHOLDERS SET,"3 Designs; 36 Ovenmits and 36 Potholders
 Case Pack: 72
 Unit Price: $ 0.95 each
 Match with 317-KT
",$68.40,instock,https://www.livingfashions.com/wp-content/uploads/617-op.jpg
317-KT,ROOSTER PRINTED KITCHEN TOWEL,"3 Designs - 15""x25"" - Flat Woven
 Case Pack: 72
 Unit Price: $ 0.95 each
 Match with 617-OP
",$68.40,instock,https://www.livingfashions.com/wp-content/uploads/317-kt.jpg
658-OP,COASTAL PRINTED OVENMITS & POTHOLDERS SET,"3 Designs; 36 Ovenmits and 36 Potholders
 Case Pack: 72
 Unit Price: $ 0.95 each
 Match With Item 358-KT
",$68.40,instock,https://www.livingfashions.com/wp-content/uploads/658-op.jpg
358-KT,COASTAL PRINTED KITCHEN TOWEL,"3 Designs - 15""x25"" - Flat Woven
 Case Pack: 72
 Unit Price: $ 0.95 each
 Match With Item 658-OP
",$68.40,instock,https://www.livingfashions.com/wp-content/uploads/358-kt.jpg
201-KT,COASTAL KITCHEN TOWELS,"5 Designs - Herringbone
 Size - 16"" x 26""
 Case Pack: 60
 Price: $1.45
",$87.00,instock,https://www.livingfashions.com/wp-content/uploads/201-kt.jpg
218-PET,PET DISH MAT,"4 Designs  
 Size: 13""X19""
 Case Pack: 36
 Unit Price: $ 3.00 each
",$108.00,instock,https://www.livingfashions.com/wp-content/uploads/218-pet.jpg
128-P,Nautical Printed Placemat,"3 Designs - Scallop Shell, Anchor, Starfish
 13""x19""
 Case Pack: 72
 Price: 0.95 each
",$68.40,instock,https://www.livingfashions.com/wp-content/uploads/128-p.jpg
199-KT,Variety Sayings Tea Towels,"6 Designs - 15""x25""
 Case Pack: 72
 Unit Price: $1.05 each
  
 ""Family, A Little bit of Crazy & Loud, Whole lot of Love""
 ""Having Home & Family Both is Blessing""
 ""This Kitchen is Seasoned with Love""
 ""Cluck, Oink, Moo""
 ""God's Home is in Our Hearts""
 ""Dog Hair, A Condiment and An Accessory""
",$75.60,instock,https://www.livingfashions.com/wp-content/uploads/199-kt.jpg
601-KS,THANKFUL BLESSED KITCHEN ITEMS,"Kitchen Towel 48, PotHolder 12, OvenMitt 12
 Item Size: KT-15x25”, PH-7x7"", OM - 7x12”
 Case Pack: 72
 Unit Price: $ 0.95 each
 *Case pack includes individual pieces, not packed as a set*
  
",$68.40,instock,https://www.livingfashions.com/wp-content/uploads/601-ks.jpg
2124-KT,2pk Fall FlourSack with Checked Kitchen Towel,"Set of 2 - 4 Designs
 Size: 15""X25""
 Case Pack: 48
 Unit Price: $ 2.10 each
",$100.80,instock,https://www.livingfashions.com/wp-content/uploads/2124-kt.jpg
TOT 2515,TOTE BAG MEDIUM NATURAL BEIGE,"14"" X 13"" X 3"", 270 GSM, 8 OZ
 100% Cotton Can
 Case Pack: 48
 Unit Price: $ 1.25 Each
",$60.00,instock,https://www.livingfashions.com/wp-content/uploads/tot 2515.jpg
TOT 2504,APRON CHILD NATURAL BEIGE ,"Small Apron - Ideal Age 6 & Under
 12.5"" X 19"", 270 GSM, 8 OZ
 Case Pack: 48
 Unit Price: $ 0.75 each
  
 100% Cotton Canvas
",$36.00,instock,https://www.livingfashions.com/wp-content/uploads/tot 2504.jpg
TOT 2503,APRON CHILD WHITE,"Small Apron - Ideal Age 6 & Under
 12.5"" X 19"", 270 GSM, 8 OZ
 Case Pack: 48
 Unit Price: $ 0.80 each
  
 100% Cotton Canvas
",$38.40,instock,https://www.livingfashions.com/wp-content/uploads/tot 2503.jpg
325-KT,SONOMA STRIPE KITCHEN TOWEL,"6 Colors  - 15"" X 25""
 Case Pack: 144
 Unit Price: $0.95
 Match with 425-DC
",$136.80,instock,https://www.livingfashions.com/wp-content/uploads/325-kt.jpg
355-KT,Farmhouse Woven Kitchen Towel,"4 Colors  - 15"" X 25""
 Case Pack: 72
 Unit Price: $0.95 each
",$68.40,instock,https://www.livingfashions.com/wp-content/uploads/355-kt.jpg
509-KPS,CHRISTMAS WREATH KITCHEN SET,"Case Pack: 144
 Price: $0.95 each
 72 PlaceMat (13x19""), 48 Kitchen Towel (15x25""), 12 Oven Mitt (12""), 12 Pot Holder (7x7"")
 *Case pack includes individual pieces, not packed as a set*
",$136.80,instock,https://www.livingfashions.com/wp-content/uploads/509-kps.jpg
192-P,CHRISTMAS CHENILLE PLACEMATS,"4 Designs
 Item Size: 13""x19""
 Case Pack: 72
 Unit Price: $1.50 each
 Match with item 992-RX
",$108.00,instock,https://www.livingfashions.com/wp-content/uploads/192-p.jpg
XTAP-HR,WINTER SEASON TAPESTRY HEARTH RUG,"4 Designs - 60% Cotton / 40% Polyester
 Size: 20""x29""
 Case Pack: 24
 Price: $ 4.50 each
",$108.00,instock,https://www.livingfashions.com/wp-content/uploads/xtap-hr.jpg
510-KPS,TREES & SNOWMAN TAPESTRY KITCHEN SET,"Case Pack: 144
 Price: $0.95 each
 72 PlaceMat (13x19""), 48 Kitchen Towel (15x25""), 12 Oven Mitt (12""), 12 Pot Holder (7x7"")
 *Case pack includes individual pieces, not packed as a set*
",$136.80,instock,https://www.livingfashions.com/wp-content/uploads/510-kps.jpg
101-KT,SAYINGS KITCHEN TOWEL,"6 Designs (3 Tan, 3 White Base)
 Size: 15"" x 25""
 Case Pack: 72
 Price: $1.05 
",$75.60,instock,https://www.livingfashions.com/wp-content/uploads/101-kt.jpg
994-RX,"72"" CHRISTMAS TAPESTRY RUNNER","4 Designs - Item Size: 13"" X 72""
 Case Pack: 48
 Price: $ 3.70 
 Match with item 194-P
",$177.60,instock,https://www.livingfashions.com/wp-content/uploads/994-rx.jpg
171-P,CHRISTMAS CHEER TAPESTRY PLACEMAT,"Size: 13"" X 19"" - 4 Designs
 Case Pack: 144
 Unit Price: $ 0.95 each
 Match with 971-RX
",$136.80,instock,https://www.livingfashions.com/wp-content/uploads/171-p.jpg
154-P,CHRISTMAS TAPESTRY PLACEMATS,"4 Designs - Item Size: 13"" X 19""
 Case Pack:144
 Unit Price: $ 0.95 each
 Match with item 954-RX
",$136.80,instock,https://www.livingfashions.com/wp-content/uploads/154-p.jpg
575-KS,RED PLAID CHRISTMAS KITCHEN ITEMS,"Case Pack: 72
 Price: $ 0.95 each
 48 Kitchen Towel (15”x25”), 12 OvenMitt (6x10.5""), 12 PotHolder (10”)
 *Case pack includes individual pieces, not packed as a set*
",$68.40,instock,https://www.livingfashions.com/wp-content/uploads/575-ks.jpg
552-KS,POINSETTIA CHRISTMAS KITCHEN SET,"Case Pack: 72
 Price: $ 0.95 each
 48 Kitchen Towel (15”x25”), 12 OvenMitt (6x10.5""), 12 PotHolder (10”)
 *Case pack includes individual pieces, not packed as a set*
",$68.40,instock,https://www.livingfashions.com/wp-content/uploads/552-ks.jpg
366-KT,FALL & HARVEST SAYING TEA TOWEL,"6 Designs  - Chambray/Khaki Base color
 Size: 15"" x 25"" 
 Case Pack: 72
 Unit Price: $ 0.95 each
",$68.40,instock,https://www.livingfashions.com/wp-content/uploads/366-kt.jpg
179-P,HARVEST PRINTED PLACEMAT ,"4 Designs
 Size - 13"" x 19""
 Case Pack: 144
 Unit Price: $ 0.95 each
 Match with 879-RF
",$136.80,instock,https://www.livingfashions.com/wp-content/uploads/179-p.jpg
1225-KT,CHRISTMAS CHEER SAYING TEA TOWEL,"6 Designs - White or Khaki Floursack Base Towels
 Item Size: 15"" X 25"" 
 Case Pack: 72
 Unit Price: $ 0.95 each
",$68.40,instock,https://www.livingfashions.com/wp-content/uploads/1225-kt.jpg
972-RX,"CHRISTMAS PLAID WOVEN RUNNERS 54"" ","4 Designs - Size: 13 x 54""
 Case Pack: 48
 Unit Price: 2.75 each
 Match with item 172-P
",$132.00,instock,https://www.livingfashions.com/wp-content/uploads/972-rx.jpg
830-R,"54"" FALL TAPESTRY WOVEN PLAID RUNNERS","4  Designs
 Item Size: 13""x 54""
 Case Pack: 48
 Unit Price: $2.75 each
 Match with 130-P
",$132.00,instock,https://www.livingfashions.com/wp-content/uploads/830-r.jpg
823-CB,SAYINGS PRINTED CANVAS TOTE BAG,"4 Designs
 Size: 14"" x 16""
 Case Pack: 72
 Price: $1.05
",$75.60,instock,https://www.livingfashions.com/wp-content/uploads/823-cb.jpg
123-P,TUNIS PRINTED PLACEMAT,"4 Designs - Gold Color
 Size: 13"" x 19""
 Case Pack: 72
 Price: $0.95 
",$68.40,instock,https://www.livingfashions.com/wp-content/uploads/123-p.jpg
121-P,PREMIUM TEXTILINE PLACEMAT ,"4 Colors
 13"" x 19"" -  580 - 600 GSM
 Case Pack: 72
 Unit Price: $2.00 each
",$144.00,instock,https://www.livingfashions.com/wp-content/uploads/121-p.jpg
6661-KT,1 PK BAR MOP KITCHEN TOWEL,"1 Pack; 6 Colors
 16"" x 19"" - Weight: 2lbs/dzn, 75g
 Case pack: 72
 Unit Price: $ 0.85
 Match with item 2444-DC
",$61.20,instock,https://www.livingfashions.com/wp-content/uploads/6661-kt.jpg
1412-WC,6PK TERRY WASH CLOTH WITH BORDER SET,"Assorted colors
 Size: 12"" x 12""
 Case Pack: 48
 Price: $ 4.00
",$192.00,instock,https://www.livingfashions.com/wp-content/uploads/1412-wc.jpg
505-KPS,Sunflower Gather Tapestry,"Case Pack: 144
 Price: $ 0.95 each
 72 PlaceMat (13x19""), 48 Kitchen Towel (15x25""), 12 Oven Mitt (12""), 12 Pot Holder (7x7"")
 *Case pack includes individual pieces, not packed as a set*
",$136.80,instock,https://www.livingfashions.com/wp-content/uploads/505-kps.jpg
805-KS,RED & BLACK CHECK CHRISTMAS KITCHEN ITEMS,"Case Pack: 72
 Price: $0.95 each
 48 Kitchen Towel (15”x25”), 12 OvenMitt (6x10.5""), 12 PotHolder (10”)
 *Case pack includes individual pieces, not packed as a set*
",$68.40,instock,https://www.livingfashions.com/wp-content/uploads/805-ks.jpg
528-KS,JOY CHRISTMAS KITCHEN SET,"Case pack: 72
 Price: $ 0.95 each
 48 Kitchen Towel (15”x25”), 12 OvenMitt (6x10.5""), 12 PotHolder (10”)
 *Case pack includes individual pieces, not packed as a set*
",$68.40,instock,https://www.livingfashions.com/wp-content/uploads/528-ks.jpg
166-P,HARVEST BOUNTY TAPESTRY PLACEMAT,"Size - 13""x19"" - 4 Designs
 Case Pack : 144
 Unit Price : $ 0.95 each
 Match with 866-R
",$136.80,instock,https://www.livingfashions.com/wp-content/uploads/166-p.jpg
866-R,"HARVEST BOUNTY TAPESTRY RUNNER 72""","4 Designs
 Size: 13""X72""
 Case Pack : 48
 Unit Price : $3.70 each
 Match with 166-P
",$177.60,instock,https://www.livingfashions.com/wp-content/uploads/866-r.jpg
684-KS,FARM FRESH FALL KITCHEN ITEMS,"48 Kitchen Towel, 12 Pot Holder, 12 Oven Mitt
 Size: KT-15x25”, PH-7x7"", OM - 7x12”Case Pack: 72
 Unit Price : $ 0.95 each
 *Case pack includes individual pieces, not packed as a set*
",$68.40,instock,https://www.livingfashions.com/wp-content/uploads/684-ks.jpg
184-P,FALL TAPESTRY PLACEMAT,"Size: 13""x19"" - 4 Designs
 Case Pack : 144
 Unit Price : $ 0.95 each
 Match with 884-RF
",$136.80,instock,https://www.livingfashions.com/wp-content/uploads/184-p.jpg
194-P,CHRISTMAS TAPESTRY PLACEMAT,"4 Designs - Size: 13""x19"" 
 Case Pack: 144
 Price : $ 0.95 
 Match with item 994-RX
",$136.80,instock,https://www.livingfashions.com/wp-content/uploads/194-p.jpg
117-P,SNOWMAN & WINTER SEASON PLACEMAT,"4 Designs - Item Size: 13""x19""
 Case Pack: 144
 Price : $ 0.95 each
 Match with item 917-RS
",$136.80,instock,https://www.livingfashions.com/wp-content/uploads/117-p.jpg
911-WB,TAPESTRY WINE BAG ,"4 Designs
 Case Pack: 72
 Price: $ 0.95
",$68.40,instock,https://www.livingfashions.com/wp-content/uploads/911-wb.jpg
436-WH,MACHINE KNITTED RUNNER,"Set of 2 - White Color
 Size: 16"" X 36""
 Master Pack: 72
 Unit Price: $ 1.05 each
",$75.60,instock,https://www.livingfashions.com/wp-content/uploads/436-wh.jpg
436-IV,MACHINE KNITTED RUNNER ,"Set of 2 - Ivory color 
 Size: 16"" X 36""
 Master Pack: 72
 Unit Price: $ 1.05 each
",$75.60,instock,https://www.livingfashions.com/wp-content/uploads/436-iv.jpg
418-WH,MACHINE KNITTED DOILY ,"; Set of 2 - White Color
 Size: 12"" X 18""
 Master Pack: 72
 Unit Price: $ 0.95 each
",$68.40,instock,https://www.livingfashions.com/wp-content/uploads/418-wh.jpg
418-IV,MACHINE KNITTED DOILY ,"Set of 2 - Ivory Color
 Size: 12""X18""
 Master Pack: 72
 Unit Price: $ 0.95 each
",$68.40,outofstock,https://www.livingfashions.com/wp-content/uploads/418-iv.jpg
415-WH,MACHINE KNITTED DOILY,"Set of 2 - White Color
 Size - 15"" Round
 Master Pack: 72
 Unit Price: $ 0.95 each
",$68.40,instock,https://www.livingfashions.com/wp-content/uploads/415-wh.jpg
415-IV,MACHINE KNITTED DOILY,"Set of 2 - Ivory color
 Size: 15"" Round
 Master Pack: 72
 Unit Price: $ 0.95 each
",$68.40,instock,https://www.livingfashions.com/wp-content/uploads/415-iv.jpg
412-WH,MACHINE KNITTED DOILY,"Set of 2; White Color
 Size: 12"" Round
 Master Pack: 72
 Unit Price: $ 0.85 each
",$61.20,instock,https://www.livingfashions.com/wp-content/uploads/412-wh.jpg
412-IV,MACHINE KNITTED DOILY,"Set of 2; Ivory Color
 12"" Round
 Master Pack: 72
 Unit Price: $ 0.85 each
",$61.20,outofstock,https://www.livingfashions.com/wp-content/uploads/412-iv.jpg
1411-WC,8PK TERRY WASH CLOTH SET,"6 Assorted Colors
 Size: 12"" x 12""
 Case Pack: 48
 Price: 5.00
",$240.00,instock,https://www.livingfashions.com/wp-content/uploads/1411-wc.jpg
1330-BT,BATH TOWEL,"6 Colors - 24"" x 48""
 Case Pack: 24
 Unit Price: $ 5.00 each
 Weight: 9.50 lbs/dzn
 Match with 8110-WC, 9998-HT
",$120.00,instock,https://www.livingfashions.com/wp-content/uploads/1330-bt.jpg
151-P,WINE TAPESTRY PLACEMAT,"3 Designs - Size: 13"" x 19""
 Case Pack: 72
 Price: $ 0.95
",$68.40,instock,https://www.livingfashions.com/wp-content/uploads/151-p.jpg
111-P,LOVE MY KITCHEN TAPESTRY PLACEMAT,"3 Designs - Size: 13"" x 19""
 Case Pack: 72
 Price: $ 0.95
",$68.40,instock,https://www.livingfashions.com/wp-content/uploads/111-p.jpg
9651-DC,CHECK TERRY DISH CLOTH,"2 Pack Set; 6 Colors
 12"" x 12"" - Weight: 38g
 Case Pack: 144
 Unit Price: $ 0.95 each
 Match with Item 9552-KT
",$136.80,outofstock,https://www.livingfashions.com/wp-content/uploads/9651-dc.jpg
9552-KT,CHECK TERRY KITCHEN TOWEL,"1 Pack; 6 Colors
 15"" X 25"" - Weight: 108g
 Case Pack: 144
 Unit Price: $ 0.95 each
 Match with Item 9651-DC
",$136.80,outofstock,https://www.livingfashions.com/wp-content/uploads/9552-kt.jpg
5078-BK,S/5 BAR MOP KITCHEN TOWEL WHITE,"Set of 5; White Color
 Size: 16"" X 19"" - 74g  -1.9 LB
 Case Pack: 24
 Unit Price: $ 3.50 each
",$84.00,instock,https://www.livingfashions.com/wp-content/uploads/5078-bk.jpg
4760-DC,CHECK DISH CLOTH WITH MESH,"2 Packs, 6 Colors
 12"" X 12"" - 250 GSM
 Case Pack: 144
 Unit Price: $ 0.85 each
 80% Polyester; 20% Polyamide
 Match with item 3760 KT
",$136.80,instock,https://www.livingfashions.com/wp-content/uploads/4760-dc.jpg
4444-DM,CHECK MICROFIBER DISH DRYING MAT,"1 Pack; 6 Colors
 15"" x 20"" - 80% - 20% Polyamide
 Case Pack: 60
 Unit Price: $ 2.50 each
",$150.00,outofstock,https://www.livingfashions.com/wp-content/uploads/4444-dm.jpg
431-DC,HARBOR STRIPE DISHCLOTH,"2 Piece Set, 6 Colors
 12"" x 12""
 Case Pack: 144
 Unit Price: $ 0.95 each
 Match with item 331 KT
",$136.80,instock,https://www.livingfashions.com/wp-content/uploads/431-dc.jpg
425-DC,SONOMA STRIPE 2PC DISHCLOTH,"2 Piece Set; 6 Colors
 12"" x 12""
 Case Pack: 144
 Unit Price: $ 0.95 each
",$136.80,instock,https://www.livingfashions.com/wp-content/uploads/425-dc.jpg
411-DC,FARMHOUSE CHECK 2PC DISHCLOTH,"2 Piece Set; 6 Colors
 12"" x 12""
 Case Pack: 144
 Unit Price: $ 0.95 each
 Match with item 311 KT
",$136.80,instock,https://www.livingfashions.com/wp-content/uploads/411-dc.jpg
407-DC,WAFFLE STRIPE DISHCLOTH,"2 Pack Set; 6 Colors
 12"" x 12""
 CasePack: 72
 Unit Price: $ 0.95 each
 Match with item 307 KT
",$68.40,instock,https://www.livingfashions.com/wp-content/uploads/407-dc.jpg
3970-KT,1PK PRINTED MICROFIBER KITCHEN TOWEL,"1 Pack; 4 Designs
 Size: 15"" x 25""
 Case Pack: 144
 Unit Price: $ 0.95
 Match with Item 2222-DM, 4970-DC
",$136.80,instock,https://www.livingfashions.com/wp-content/uploads/3970-kt.jpg
3760-KT,CHECK MICROFIBER KITCHEN TOWEL,"1 Pack; 6 Colors
 15"" x 25"" -  250 GSM
 Case Pack: 144
 Unit Price: $ 0.95 each
 80% Polyester, 20% Polyamide
 Match with item 4760 DC
",$136.80,instock,https://www.livingfashions.com/wp-content/uploads/3760-kt.jpg
331-KT,HARBOR STRIPE KITCHEN TOWEL,"4 Colors - 15"" x 25""
 Case Pack: 144
 Unit Price: $ 0.95 each
 Match with item 431-DC
",$136.80,instock,https://www.livingfashions.com/wp-content/uploads/331-kt.jpg
315-T,RONI PLAID KITCHEN TOWELS,"6 Colors - 15"" X 25""
 Case Pack: 144
 Unit Price: $ 0.95 each
 Match with item 310-C
",$136.80,instock,https://www.livingfashions.com/wp-content/uploads/315-t.jpg
311-KT,FARMHOUSE CHECK KITCHEN TOWEL,"6 Colors - 15"" X 25""
 CasePack: 144
 Unit Price: $ 0.95 each
 Match with item 411-DC
",$136.80,instock,https://www.livingfashions.com/wp-content/uploads/311-kt.jpg
310-C,MATTY 2PC DISHCLOTHS,"2 Pack Set; 6 Colors
 12"" X 12""
 Case Pack: 144
 Unit Price: $ 0.95 each
 Match with item 315-T
",$136.80,instock,https://www.livingfashions.com/wp-content/uploads/310-c.jpg
307-KT,Waffle Stripe Kitchen Towel,"6 Colors - 15"" X 25""
 Case Pack: 72
 Unit Price: $ 0.95 each
 Match with item 407 DC
",$68.40,instock,https://www.livingfashions.com/wp-content/uploads/307-kt.jpg
2222-DM,1PK MICROFIBER DISH DRYING MAT,"1 Pack; 4 Designs, 100% Polyester - Thickness: 0.5cm
 Size: 15"" x 20"" 
 Case Pack: 60
 Unit Price: $ 2.50
 Match with Item 3970-KT, 4970-DC
",$150.00,instock,https://www.livingfashions.com/wp-content/uploads/2222-dm.jpg
1202-KT,1PK KITCHEN TOWEL SMALL BOX TERRY,"4 colors  - Weight: 108g
 Size: 15"" x 25"" 
 Case Pack: 72
 Price : $1.05 
 Match with Item 1201-DC
",$75.60,outofstock,https://www.livingfashions.com/wp-content/uploads/1202-kt.jpg
1201-DC,2PK DISHCLOTH SMALL BOX TERRY ,"4 Colors - Weight: 38g
 Size: 12"" x 12""
 Case Pack: 72
 Price: $1.05
 Match with Item 1202-KT
",$75.60,outofstock,https://www.livingfashions.com/wp-content/uploads/1201-dc.jpg
181-P,HALLOWEEN TAPESTRY PLACEMAT,"4 Designs
 Size- 13""x19
 Case Pack: 144
 Unit Price : $ 0.95 each
 Match with 881-RF
",$136.80,instock,https://www.livingfashions.com/wp-content/uploads/181-p.jpg
172-P,CHRISTMAS PLAID PLACEMAT,"4 Designs- Item Size: 13"" x 19""
 Case Pack: 144
 Price : $ 0.95 each
 Match with 972-RX
",$136.80,instock,https://www.livingfashions.com/wp-content/uploads/172-p.jpg
